restaurant_id,total_orders,revenue,avg_rating,avg_preparation_time,cancellation_rate,avg_delivery_time
R00001,209,148583.76,3.4144144144144146,34.79144385026738,6.698564593301436,52.98930481283423
R00002,208,149475.28,3.5454545454545454,35.10215053763441,5.769230769230769,51.66129032258065
R00003,199,141752.46,3.247191011235955,42.71345029239766,10.552763819095476,56.3859649122807
R00004,182,145040.44,3.56,31.269461077844312,6.593406593406594,49.964071856287426
R00005,200,136788.24,3.8130841121495327,24.631284916201118,7.5,47.659217877094974
R00006,206,155316.68,3.7410714285714284,23.166666666666668,4.854368932038835,47.28125
R00007,192,140028.85,2.618181818181818,59.20454545454545,7.291666666666667,66.8409090909091
R00008,211,142244.41,3.080357142857143,49.78947368421053,6.161137440758294,60.01578947368421
R00009,191,143958.7,3.7641509433962264,23.115606936416185,5.2356020942408374,45.578034682080926
R00010,200,135983.7,2.8529411764705883,53.672413793103445,7.000000000000001,61.7816091954023
R00011,200,155322.48,3.5495495495495497,34.941489361702125,4.5,51.558510638297875
R00012,195,139832.26,2.7339449541284404,54.889502762430936,4.615384615384616,62.69060773480663
R00013,199,158494.43,2.5575221238938055,60.07103825136612,5.527638190954774,66.40437158469945
R00014,204,150184.36000000002,2.7777777777777777,58.413978494623656,6.862745098039216,64.28494623655914
R00015,189,141653.19,3.3535353535353534,36.029411764705884,5.291005291005291,53.141176470588235
R00016,205,147314.85,3.0089285714285716,48.956989247311824,5.853658536585367,59.79032258064516
R00017,196,142995.69,3.9401709401709404,13.822857142857142,7.653061224489796,41.41142857142857
R00018,166,135288.85,3.8383838383838382,18.00653594771242,5.421686746987952,43.673202614379086
R00019,224,159815.25,3.3684210526315788,36.34825870646766,7.5892857142857135,54.85572139303483
R00020,204,148307.33,2.707547169811321,52.224043715846996,5.88235294117647,61.03825136612022
R00021,209,163403.4,3.0535714285714284,47.98941798941799,6.698564593301436,58.77777777777778
R00022,214,160025.68,3.7410714285714284,24.373684210526317,6.074766355140187,47.83684210526316
R00023,216,140492.89,3.4313725490196076,33.84656084656085,8.333333333333332,50.53439153439153
R00024,208,145891.77,3.669724770642202,27.067039106145252,9.134615384615383,48.039106145251395
R00025,213,156287.85,3.4,38.80904522613066,5.164319248826291,53.38693467336683
R00026,212,147989.54,3.16260162601626,46.28191489361702,8.018867924528301,57.77127659574468
R00027,184,128594.25,3.5934065934065935,25.8159509202454,7.065217391304348,48.31901840490798
R00028,207,146630.78,3.7410714285714284,20.57068062827225,4.830917874396135,46.33507853403141
R00029,207,149216.3,3.6574074074074074,26.005434782608695,7.729468599033816,47.34782608695652
R00030,188,137886.14,3.4591836734693877,34.166666666666664,6.914893617021277,52.19642857142857
R00031,211,163135.76,3.7394957983193278,23.963541666666668,6.161137440758294,46.979166666666664
R00032,189,160007.78,3.4343434343434343,33.80790960451977,4.232804232804233,50.26553672316384
R00033,211,152664.21,3.622047244094488,28.901041666666668,6.161137440758294,49.119791666666664
R00034,197,140622.43,3.7327586206896552,27.855555555555554,5.0761421319796955,48.4
R00035,202,137109.75,3.4752475247524752,33.38068181818182,9.405940594059405,52.14772727272727
R00036,219,163548.25,3.963302752293578,16.115183246073297,9.58904109589041,44.225130890052355
R00037,193,130261.44,3.7954545454545454,20.633540372670808,11.398963730569948,45.80124223602485
R00038,212,149528.56,2.6491228070175437,58.52307692307692,4.245283018867925,65.16410256410256
R00039,177,139724.25,3.193877551020408,47.91772151898734,8.47457627118644,57.67088607594937
R00040,243,162722.16,3.7355371900826446,20.252380952380953,9.053497942386832,45.65714285714286
R00041,219,166158.55,3.1478260869565218,41.94358974358974,6.392694063926941,54.53333333333333
R00042,182,136197.03,2.5806451612903225,58.06060606060606,6.593406593406594,64.60606060606061
R00043,210,148253.15,3.5348837209302326,34.13368983957219,7.142857142857142,52.49197860962567
R00044,190,130305.01,3.0754716981132075,47.93142857142857,5.7894736842105265,57.925714285714285
R00045,220,157507.97,3.259259259259259,42.41326530612245,7.727272727272727,56.19897959183673
R00046,201,139769.77,3.8440366972477062,20.29050279329609,8.45771144278607,44.89385474860335
R00047,172,121129.09,3.753086419753086,24.625806451612902,6.395348837209303,45.41290322580645
R00048,208,150388.59,3.138888888888889,41.423280423280424,6.25,55.597883597883595
R00049,194,137517.83,3.8155339805825244,24.08235294117647,10.309278350515463,47.48235294117647
R00050,202,147276.57,2.9357798165137616,49.14207650273224,6.435643564356436,57.9344262295082
R00051,223,159222.73,3.8134328358208953,24.21078431372549,6.278026905829597,47.122549019607845
R00052,181,120621.16,3.8482142857142856,16.84375,7.734806629834254,44.1
R00053,196,143863.34,3.185185185185185,46.05142857142857,9.183673469387756,58.011428571428574
R00054,189,136255.73,2.8055555555555554,49.08,4.232804232804233,60.76571428571429
R00055,185,132512.67,4.021052631578947,12.694610778443113,6.486486486486487,40.26946107784431
R00056,197,141370.42,4.0,15.063953488372093,9.644670050761421,41.61046511627907
R00057,191,138092.95,3.010752688172043,44.805882352941175,6.806282722513089,55.77647058823529
R00058,220,157679.64,3.0813008130081303,48.66502463054187,5.909090909090909,58.275862068965516
R00059,198,129832.38,3.320388349514563,47.23295454545455,9.090909090909092,56.63636363636363
R00060,204,154680.31,3.3333333333333335,37.57446808510638,5.392156862745098,52.962765957446805
R00061,199,128483.4,3.5686274509803924,30.433526011560694,10.050251256281408,50.16763005780347
R00062,187,144837.24,3.1262135922330097,46.49142857142857,5.347593582887701,58.857142857142854
R00063,191,133322.42,3.952830188679245,14.734104046242775,7.329842931937172,41.57225433526011
R00064,177,129279.43,3.694736842105263,26.81132075471698,6.214689265536723,48.069182389937104
R00065,193,143783.1,3.891891891891892,20.105555555555554,5.181347150259067,43.55555555555556
R00066,203,144725.33,3.920353982300885,17.082872928176794,7.389162561576355,41.51933701657459
R00067,189,134084.92,3.5816326530612246,28.28235294117647,5.82010582010582,50.752941176470586
R00068,206,156157.38,3.7551020408163267,20.320652173913043,6.796116504854369,45.83152173913044
R00069,197,145738.13,3.4741379310344827,36.0,6.598984771573605,51.65340909090909
R00070,208,155519.64,3.5258620689655173,38.72680412371134,3.3653846153846154,53.56701030927835
R00071,206,142973.88,3.310924369747899,34.258426966292134,11.165048543689322,53.96067415730337
R00072,193,142917.88,2.643478260869565,60.55428571428571,6.7357512953367875,64.94285714285714
R00073,189,138871.13,3.4144144144144146,27.88372093023256,5.82010582010582,50.901162790697676
R00074,204,140918.37,3.876190476190476,12.5625,10.294117647058822,44.77840909090909
R00075,210,161832.79,2.9523809523809526,50.67179487179487,5.238095238095238,59.76923076923077
R00076,182,128933.65,3.3048780487804876,48.70552147239264,6.593406593406594,56.99386503067485
R00077,210,157876.01,2.8623853211009176,53.61578947368421,8.095238095238095,61.64736842105263
R00078,199,136364.01,3.896551724137931,12.271676300578035,10.552763819095476,41.28901734104046
R00079,192,133255.11,3.892857142857143,16.264705882352942,7.291666666666667,44.43529411764706
R00080,206,158682.26,2.675213675213675,59.88775510204081,3.3980582524271843,64.2295918367347
R00081,211,155089.6,3.2857142857142856,40.19072164948454,6.161137440758294,55.108247422680414
R00082,195,142198.74,3.3142857142857145,41.29142857142857,8.205128205128204,56.30285714285714
R00083,188,138085.91,3.898989898989899,20.35928143712575,8.51063829787234,44.70059880239521
R00084,192,143756.87,3.085714285714286,48.423529411764704,7.8125,57.470588235294116
R00085,191,136009.66,3.0454545454545454,49.52023121387283,7.329842931937172,58.9364161849711
R00086,177,141493.67,2.924731182795699,54.70253164556962,7.909604519774012,62.677215189873415
R00087,208,141429.34,3.9285714285714284,21.73224043715847,7.211538461538461,45.84699453551912
R00088,206,167324.18,3.841666666666667,19.14814814814815,5.339805825242718,44.560846560846564
R00089,174,134463.01,2.872093023255814,57.875,9.195402298850574,62.4078947368421
R00090,182,136225.0,3.2872340425531914,46.50595238095238,4.945054945054945,56.607142857142854
R00091,226,175047.81,3.582608695652174,30.102439024390243,5.752212389380531,49.28780487804878
R00092,178,125204.47,3.5294117647058822,29.9079754601227,3.3707865168539324,49.09815950920245
R00093,212,163640.34,3.80327868852459,22.695876288659793,7.547169811320755,45.74226804123711
R00094,196,152959.72,3.6310679611650487,32.625698324022345,5.612244897959184,50.815642458100555
R00095,206,145842.21,3.0408163265306123,49.3463687150838,9.223300970873787,58.77653631284916
R00096,205,149659.27,3.8446601941747574,16.613259668508288,7.317073170731707,43.92265193370166
R00097,184,141970.63,4.066666666666666,14.229411764705882,6.521739130434782,40.51764705882353
R00098,211,156534.84,3.933333333333333,15.157894736842104,9.004739336492891,43.21052631578947
R00099,201,137525.13999999998,3.01980198019802,48.22346368715084,7.462686567164178,58.59217877094972
R00100,209,151958.11000000002,3.2,43.810526315789474,6.698564593301436,56.89473684210526
R00101,189,132588.58,3.673469387755102,18.303571428571427,8.994708994708994,45.43452380952381
R00102,183,141558.56,2.871287128712871,51.373493975903614,6.557377049180328,61.855421686746986
R00103,182,133171.07,4.11578947368421,12.06060606060606,6.593406593406594,39.67878787878788
R00104,196,134076.86000000002,2.9541284403669725,47.57627118644068,6.63265306122449,61.19774011299435
R00105,214,160732.48,3.5714285714285716,27.984615384615385,7.476635514018691,49.07179487179487
R00106,214,159514.42,3.9669421487603307,15.6,7.009345794392523,39.4974358974359
R00107,184,130767.49,3.3518518518518516,41.130434782608695,7.065217391304348,56.27329192546584
R00108,195,128529.43000000001,3.5392156862745097,21.54913294797688,7.179487179487179,47.5606936416185
R00109,212,153302.33,2.953271028037383,48.06382978723404,8.962264150943396,59.20744680851064
R00110,172,134718.89,2.9583333333333335,48.75316455696203,5.813953488372093,57.29113924050633
R00111,213,156310.03,3.5,30.177083333333332,6.572769953051644,49.932291666666664
R00112,189,131702.52,3.061224489795918,46.0,6.878306878306878,57.7710843373494
R00113,196,143379.93,3.8877551020408165,21.758426966292134,5.1020408163265305,44.88202247191011
R00114,199,161063.88,3.923076923076923,15.811827956989248,3.5175879396984926,44.284946236559136
R00115,195,146659.8,3.4948453608247423,24.112994350282484,6.666666666666667,48.59887005649718
R00116,174,122924.11,3.4835164835164836,29.662337662337663,8.045977011494253,50.48701298701299
R00117,194,147499.15,3.39,30.596685082872927,4.639175257731959,50.56353591160221
R00118,178,129496.64,2.989130434782609,36.987096774193546,10.112359550561797,55.458064516129035
R00119,203,148248.57,3.0720720720720722,44.7379679144385,4.433497536945813,56.9572192513369
R00120,197,140223.69,3.6608695652173915,25.9,4.568527918781726,49.08888888888889
R00121,177,124668.95999999999,2.8823529411764706,54.33766233766234,11.299435028248588,61.753246753246756
R00122,214,155277.45,3.849557522123894,16.63917525773196,7.009345794392523,43.07216494845361
R00123,184,139113.91,3.53,32.64242424242424,7.608695652173914,49.84848484848485
R00124,208,158869.66,2.7735849056603774,53.3068783068783,6.730769230769231,61.43386243386244
R00125,194,137261.35,3.5576923076923075,31.270114942528735,6.701030927835052,49.62643678160919
R00126,218,149829.53,3.685185185185185,18.913265306122447,7.79816513761468,43.775510204081634
R00127,178,142692.07,3.763440860215054,27.527272727272727,4.49438202247191,47.763636363636365
R00128,172,124264.53,3.9797979797979797,12.542483660130719,6.976744186046512,41.150326797385624
R00129,204,146620.25,3.7586206896551726,20.903954802259886,7.8431372549019605,45.943502824858754
R00130,205,162902.12,2.881818181818182,55.010471204188484,3.902439024390244,61.12041884816754
R00131,213,151251.24,2.896551724137931,48.252631578947366,7.511737089201878,58.59473684210526
R00132,221,162780.57,2.657142857142857,59.18274111675127,8.144796380090497,65.4771573604061
R00133,179,132057.65,3.539325842696629,30.48076923076923,10.614525139664805,49.833333333333336
R00134,205,143807.79,2.9649122807017543,51.47727272727273,10.731707317073171,60.70454545454545
R00135,199,142217.33,3.5568181818181817,30.672514619883042,7.537688442211055,51.707602339181285
R00136,190,143682.3,2.8969072164948453,51.23121387283237,6.842105263157896,61.68208092485549
R00137,232,177239.8,3.434108527131783,30.75,6.0344827586206895,50.842592592592595
R00138,195,143103.65,3.8421052631578947,15.171597633136095,7.6923076923076925,43.828402366863905
R00139,207,140825.7,2.80188679245283,55.04812834224599,7.246376811594203,64.16042780748663
R00140,191,131515.95,3.3,46.39766081871345,6.806282722513089,56.07017543859649
R00141,204,147325.53,3.5390625,28.73936170212766,6.372549019607843,51.04255319148936
R00142,178,133547.22,3.9518072289156625,15.572327044025156,6.179775280898876,42.21383647798742
R00143,183,136329.8,3.7476635514018692,18.427710843373493,7.103825136612022,44.596385542168676
R00144,205,157451.96,3.3486238532110093,37.89673913043478,8.780487804878048,54.15760869565217
R00145,211,161119.23,2.9916666666666667,47.035714285714285,4.265402843601896,59.65816326530612
R00146,185,145046.81,3.980392156862745,14.662721893491124,5.9459459459459465,41.98816568047337
R00147,203,150191.52,2.73109243697479,59.89071038251366,5.41871921182266,64.50819672131148
R00148,213,161574.45,3.7264150943396226,22.0253807106599,4.694835680751173,46.32994923857868
R00149,195,142674.03,3.3603603603603602,36.340782122905026,6.153846153846154,55.98882681564246
R00150,188,133780.78,3.5619047619047617,32.012121212121215,7.446808510638298,51.1030303030303
R00151,172,126985.29,3.117021276595745,46.35897435897436,4.651162790697675,57.48076923076923
R00152,199,133779.86000000002,2.9494949494949494,55.27272727272727,7.537688442211055,61.27840909090909
R00153,198,141290.04,3.2416666666666667,42.358695652173914,3.535353535353535,55.130434782608695
R00154,206,147713.86,3.419047619047619,34.08988764044944,11.650485436893204,52.87640449438202
R00155,217,164862.37,3.058333333333333,45.84615384615385,5.990783410138248,58.65128205128205
R00156,207,147411.65,3.392857142857143,32.294444444444444,11.11111111111111,51.044444444444444
R00157,215,152222.29,3.220183486238532,36.507936507936506,10.232558139534884,54.423280423280424
R00158,192,143022.22,3.536363636363636,35.0635838150289,7.291666666666667,52.30635838150289
R00159,203,152072.46,3.792079207920792,20.77094972067039,9.35960591133005,45.92178770949721
R00160,199,150265.15,2.9901960784313726,47.8,6.030150753768844,58.31666666666667
R00161,206,145106.36,4.019417475728155,12.98936170212766,5.825242718446602,40.452127659574465
R00162,221,151303.26,3.675,18.75,8.144796380090497,45.94
R00163,192,143794.37,2.8,56.188235294117646,8.854166666666668,63.241176470588236
R00164,167,123002.91,3.4578313253012047,23.364864864864863,5.9880239520958085,46.62162162162162
R00165,236,170156.35,3.8547008547008548,17.106280193236714,9.322033898305085,44.67632850241546
R00166,213,159061.6,3.5193798449612403,36.916230366492144,7.511737089201878,52.64921465968586
R00167,188,139736.16,3.5544554455445545,34.319526627218934,7.9787234042553195,51.66863905325444
R00168,201,153537.53,3.5145631067961167,25.650273224043715,7.462686567164178,49.131147540983605
R00169,199,146458.42,3.243478260869565,43.056497175141246,8.542713567839195,55.548022598870055
R00170,209,152899.72,3.4789915966386555,29.03723404255319,5.263157894736842,48.829787234042556
R00171,206,157043.04,3.9159663865546217,11.926701570680628,4.368932038834951,41.76439790575916
R00172,209,150741.3,3.5511811023622046,32.65482233502538,4.784688995215311,50.36548223350254
R00173,206,144368.05,3.408333333333333,38.25396825396825,4.368932038834951,54.31216931216931
R00174,192,148582.92,4.083333333333333,14.080924855491329,7.8125,40.797687861271676
R00175,224,157376.93,4.074380165289257,14.355670103092784,8.928571428571429,41.45876288659794
R00176,190,127542.56,2.977777777777778,47.19512195121951,10.526315789473683,58.55487804878049
R00177,218,152305.92,3.8869565217391306,13.010309278350515,7.79816513761468,43.96907216494845
R00178,200,158152.01,3.106194690265487,49.15675675675676,3.5000000000000004,58.545945945945945
R00179,204,157183.04,3.96,12.463157894736842,2.450980392156863,40.90526315789474
R00180,178,132919.51,3.3106796116504853,37.77070063694268,8.98876404494382,54.24203821656051
R00181,214,154545.21,2.5784313725490198,57.95161290322581,10.74766355140187,66.0752688172043
R00182,203,150978.36,3.336734693877551,36.97872340425532,4.926108374384237,51.8936170212766
R00183,219,173484.58,3.5076923076923077,21.22613065326633,7.30593607305936,47.984924623115575
R00184,210,150414.87,2.7567567567567566,53.20967741935484,7.142857142857142,60.79032258064516
R00185,208,153766.93,3.7666666666666666,24.936507936507937,3.8461538461538463,47.22222222222222
R00186,186,126241.4,2.9494949494949494,58.69090909090909,6.989247311827956,63.75151515151515
R00187,218,146225.08,2.9130434782608696,50.07853403141361,8.256880733944955,58.92146596858639
R00188,202,144201.06,3.2242990654205608,40.25824175824176,7.425742574257425,54.917582417582416
R00189,186,143330.87,3.008771929824561,45.95757575757576,9.67741935483871,57.83030303030303
R00190,206,167936.97,3.24,40.677083333333336,4.854368932038835,54.635416666666664
R00191,191,132562.11,3.480769230769231,31.350877192982455,5.2356020942408374,50.78362573099415
R00192,179,125252.16,3.9583333333333335,13.45,6.145251396648044,41.76875
R00193,186,132734.58,3.871287128712871,26.412790697674417,4.838709677419355,45.80232558139535
R00194,188,137008.85,3.392523364485981,37.8,5.851063829787234,53.970588235294116
R00195,200,147474.53,3.9279279279279278,21.4010989010989,6.0,44.6978021978022
R00196,192,132314.54,3.7604166666666665,22.45086705202312,7.8125,45.641618497109825
R00197,201,143653.75,3.942857142857143,17.43548387096774,6.467661691542288,44.043010752688176
R00198,202,146278.43,2.8981481481481484,49.848314606741575,7.425742574257425,59.51685393258427
R00199,210,152757.5,4.12962962962963,12.431693989071038,9.047619047619047,40.27322404371585
R00200,218,152810.31,3.1769911504424777,42.32,6.422018348623854,55.59
R00201,181,117637.49,3.6597938144329896,32.864197530864196,6.629834254143646,50.15432098765432
R00202,189,137829.77,2.823529411764706,57.64327485380117,6.349206349206349,63.15204678362573
R00203,205,148683.88,3.621359223300971,28.896174863387976,8.780487804878048,51.885245901639344
R00204,200,140017.12,3.2323232323232323,51.08139534883721,10.5,57.895348837209305
R00205,217,152043.73,3.803738317757009,19.300518134715027,9.216589861751153,45.33678756476684
R00206,215,150973.78,2.94392523364486,48.55263157894737,8.837209302325581,60.44210526315789
R00207,217,151125.28,3.9618320610687023,16.106598984771573,7.834101382488479,42.63959390862944
R00208,188,150650.58,3.938775510204082,12.127906976744185,6.382978723404255,40.79651162790697
R00209,193,134363.55,3.941747572815534,18.490909090909092,9.32642487046632,44.35151515151515
R00210,208,155354.55,2.5892857142857144,60.349726775956285,9.134615384615383,66.37158469945355
R00211,199,144907.32,3.913978494623656,14.852941176470589,6.532663316582915,44.01764705882353
R00212,196,134371.2,2.890909090909091,49.54913294797688,7.653061224489796,61.445086705202314
R00213,186,125872.96,3.657142857142857,29.896341463414632,8.60215053763441,49.27439024390244
R00214,183,130330.11,3.681318681318681,17.59375,9.836065573770492,43.61875
R00215,226,158169.52,3.40625,37.68269230769231,5.752212389380531,53.50480769230769
R00216,224,162627.5,3.3252032520325203,40.049019607843135,5.803571428571429,53.6764705882353
R00217,197,151754.7,2.7009345794392523,53.97752808988764,6.091370558375635,64.38764044943821
R00218,210,150779.86,2.7339449541284404,54.317460317460316,6.666666666666667,61.58730158730159
R00219,209,158109.89,3.142857142857143,36.422680412371136,4.784688995215311,54.49484536082474
R00220,198,147975.94,3.9626168224299065,15.368421052631579,8.585858585858585,41.900584795321635
R00221,183,124648.05,2.826530612244898,51.55555555555556,9.289617486338798,61.51234567901235
R00222,212,142835.69,3.3873873873873874,39.989528795811516,7.0754716981132075,53.44502617801047
R00223,193,134839.2,3.00990099009901,49.98245614035088,9.32642487046632,59.83040935672515
R00224,208,160366.13999999998,2.685185185185185,53.88947368421053,4.807692307692308,62.72631578947368
R00225,208,152861.01,3.1333333333333333,45.505494505494504,11.057692307692307,58.027472527472526
R00226,233,173179.92,4.063492063492063,12.908653846153847,7.725321888412018,40.44711538461539
R00227,209,152936.24,3.6106194690265485,30.586387434554975,3.827751196172249,49.204188481675395
R00228,227,166259.45,3.2357723577235773,43.68627450980392,6.607929515418502,56.799019607843135
R00229,212,153861.32,3.4608695652173913,31.20212765957447,6.60377358490566,51.494680851063826
R00230,200,152732.83,3.6228070175438596,22.494565217391305,5.0,46.40760869565217
R00231,205,147489.25,3.580357142857143,28.101604278074866,7.317073170731707,49.1764705882353
R00232,193,139276.32,3.173469387755102,41.482142857142854,11.398963730569948,55.529761904761905
R00233,190,145770.13,2.8,47.39884393063584,2.1052631578947367,59.71098265895954
R00234,216,152409.68,2.9473684210526314,48.89528795811518,7.87037037037037,60.04188481675393
R00235,180,128493.97,2.8854166666666665,58.35849056603774,7.222222222222221,61.9496855345912
R00236,204,137129.83,3.982300884955752,12.721311475409836,6.372549019607843,42.060109289617486
R00237,181,120001.19,3.1551724137931036,46.331288343558285,7.734806629834254,57.5398773006135
R00238,205,143221.04,3.6440677966101696,27.908602150537636,4.878048780487805,49.29032258064516
R00239,208,145462.08000000002,3.853448275862069,16.28421052631579,7.211538461538461,42.40526315789474
R00240,188,135420.36,3.689655172413793,23.4125,10.106382978723403,46.70625
R00241,211,170783.19,3.188976377952756,47.325,2.843601895734597,57.55
R00242,215,153995.41999999998,3.5081967213114753,34.15706806282723,9.30232558139535,51.382198952879584
R00243,188,135771.41,3.377551020408163,30.83529411764706,9.042553191489363,52.37647058823529
R00244,218,158750.5,3.623931623931624,32.05759162303665,10.091743119266056,49.397905759162306
R00245,201,139637.16,2.6639344262295084,58.766666666666666,5.970149253731343,64.66666666666667
R00246,205,140429.09,3.7549019607843137,18.13186813186813,8.292682926829269,46.26373626373626
R00247,219,149613.05,2.962962962962963,45.375,6.8493150684931505,58.36
R00248,211,153606.31,2.955357142857143,46.50785340314136,8.056872037914692,59.09424083769633
R00249,198,146664.5,2.5675675675675675,59.31016042780749,3.535353535353535,65.9572192513369
R00250,178,123954.65,3.1067961165048543,50.842424242424244,4.49438202247191,58.13939393939394
R00251,211,159653.63,2.9292035398230087,50.97837837837838,9.95260663507109,61.443243243243245
R00252,177,128497.34,2.942528735632184,50.43636363636364,5.084745762711865,59.472727272727276
R00253,190,134451.05,3.769230769230769,16.45562130177515,8.947368421052632,44.69230769230769
R00254,204,154641.3,2.8793103448275863,55.659574468085104,4.901960784313726,63.047872340425535
R00255,208,138513.38,3.3135593220338984,33.53225806451613,7.6923076923076925,52.645161290322584
R00256,223,149805.73,3.2018348623853212,49.020725388601036,8.520179372197308,57.46632124352332
R00257,220,170531.32,2.8666666666666667,49.60576923076923,3.6363636363636362,60.63461538461539
R00258,212,146833.96,3.3716814159292037,33.18617021276596,7.0754716981132075,51.611702127659576
R00259,213,158429.05,3.841666666666667,14.862244897959183,5.633802816901409,44.275510204081634
R00260,202,156571.62,3.4649122807017543,29.843243243243244,3.9603960396039604,49.74594594594595
R00261,195,145511.84,3.0792079207920793,48.17142857142857,7.179487179487179,58.37714285714286
R00262,227,165939.47,3.7737226277372264,29.154205607476637,4.405286343612335,48.26168224299065
R00263,197,144624.85,3.3423423423423424,38.174157303370784,6.598984771573605,52.99438202247191
R00264,200,147679.46,3.1481481481481484,45.63428571428572,9.0,58.434285714285714
R00265,202,151789.45,3.7,29.291891891891893,5.9405940594059405,49.62162162162162
R00266,200,135966.21,3.522935779816514,27.3757225433526,10.0,49.68208092485549
R00267,176,127379.4,3.99009900990099,14.018518518518519,4.545454545454546,42.5679012345679
R00268,206,142623.32,3.806451612903226,20.45810055865922,7.766990291262135,45.86033519553072
R00269,184,129660.45999999999,3.648936170212766,30.68553459119497,8.695652173913043,49.61006289308176
R00270,204,129733.96,2.943396226415094,51.66298342541437,6.372549019607843,62.629834254143645
R00271,204,157815.97,3.6576576576576576,23.1878453038674,9.803921568627452,45.48066298342541
R00272,207,145931.06,2.889908256880734,54.109375,4.3478260869565215,62.734375
R00273,186,142617.54,3.3333333333333335,37.40350877192982,5.913978494623656,54.514619883040936
R00274,218,154777.16,3.9224806201550386,13.669950738916256,5.5045871559633035,41.23152709359606
R00275,191,148843.7,3.6454545454545455,24.85,4.712041884816754,47.84444444444444
R00276,213,153346.81,3.060344827586207,47.47738693467337,2.8169014084507045,58.743718592964825
R00277,184,123152.19,3.625,31.640243902439025,7.608695652173914,49.90853658536585
R00278,219,160313.87,3.7889908256880735,21.851282051282052,7.76255707762557,45.01025641025641
R00279,197,148932.01,3.6486486486486487,29.06179775280899,7.1065989847715745,49.758426966292134
R00280,212,161955.9,3.9237288135593222,14.505263157894737,7.547169811320755,42.88421052631579
R00281,184,132624.21,3.4269662921348316,27.639240506329113,9.239130434782608,49.45569620253165
R00282,210,156128.75,3.4596774193548385,29.724867724867725,7.142857142857142,49.523809523809526
R00283,210,162665.84,2.9237288135593222,50.744791666666664,5.714285714285714,61.234375
R00284,175,119749.34,4.0,15.363057324840764,8.0,41.503184713375795
R00285,215,167299.98,3.744,23.064356435643564,4.186046511627907,46.54455445544554
R00286,204,145298.29,3.110091743119266,45.938202247191015,6.372549019607843,57.76966292134831
R00287,200,132550.78,3.9727272727272727,15.478260869565217,5.5,42.46195652173913
R00288,218,155407.01,3.896551724137931,15.071065989847716,6.422018348623854,44.08121827411168
R00289,204,160358.76,3.596774193548387,33.31016042780749,5.392156862745098,50.57219251336898
R00290,184,136494.8,3.3366336633663365,38.017857142857146,6.521739130434782,54.51190476190476
R00291,190,134820.34,3.3142857142857145,37.64670658682635,8.947368421052632,53.59281437125748
R00292,200,146670.22,4.105263157894737,12.494444444444444,7.000000000000001,40.95
R00293,210,142498.5,3.8446601941747574,15.122340425531915,4.761904761904762,43.09574468085106
R00294,209,161229.72,3.2241379310344827,42.72251308900523,5.263157894736842,56.90575916230367
R00295,205,158238.68,3.762295081967213,21.413612565445025,3.414634146341464,46.109947643979055
R00296,201,160744.31,3.6363636363636362,31.043478260869566,5.970149253731343,52.20652173913044
R00297,218,163635.89,4.073770491803279,13.965,6.8807339449541285,41.865
R00298,178,129675.18,2.8137254901960786,54.484848484848484,3.932584269662921,60.345454545454544
R00299,213,153137.62,2.934959349593496,58.44041450777202,7.511737089201878,63.487046632124354
R00300,170,126750.3,3.857142857142857,15.812903225806451,4.705882352941177,42.85806451612903
R00301,236,180060.14,3.954198473282443,12.780821917808218,5.932203389830509,42.23744292237443
R00302,200,143789.02,3.8130841121495327,21.60989010989011,5.0,45.24175824175824
R00303,201,155091.39,3.4134615384615383,31.845744680851062,4.477611940298507,51.148936170212764
R00304,178,135385.94,3.106382978723404,44.93125,8.426966292134832,59.2
R00305,210,152519.0,3.381818181818182,35.079787234042556,7.6190476190476195,52.3936170212766
R00306,205,143181.85,3.7474747474747474,18.65193370165746,6.829268292682928,45.193370165745854
R00307,183,132380.62,3.443298969072165,32.47904191616767,6.557377049180328,50.83832335329341
R00308,213,157489.44,3.874015748031496,13.89119170984456,6.572769953051644,43.32124352331606
R00309,195,138379.85,3.21875,43.432748538011694,8.205128205128204,56.75438596491228
R00310,230,165417.81,2.8264462809917354,46.52173913043478,7.391304347826087,59.64734299516908
R00311,202,148029.73,3.991228070175439,17.51098901098901,5.9405940594059405,42.47802197802198
R00312,196,145221.07,3.2831858407079646,42.80874316939891,4.081632653061225,53.830601092896174
R00313,212,169220.41,3.017391304347826,46.28934010152284,5.660377358490567,58.954314720812185
R00314,214,149339.53,3.906779661016949,15.320855614973262,6.5420560747663545,43.9572192513369
R00315,197,137216.92,3.9207920792079207,16.514285714285716,7.614213197969544,43.48571428571429
R00316,189,128371.42,2.74,54.23312883435583,8.465608465608465,63.4601226993865
R00317,201,157590.13,2.8333333333333335,50.06521739130435,6.965174129353234,60.46739130434783
R00318,191,124231.74,3.198019801980198,48.31055900621118,9.947643979057592,61.52173913043478
R00319,196,150387.82,3.055045871559633,44.727777777777774,4.591836734693878,57.855555555555554
R00320,186,142500.32,3.9423076923076925,14.982456140350877,4.301075268817205,42.21637426900585
R00321,197,143942.06,4.009433962264151,12.853932584269662,4.060913705583756,42.30898876404494
R00322,197,142331.65,3.7383177570093458,26.10857142857143,5.583756345177665,49.05714285714286
R00323,184,123833.13,3.568421052631579,28.572327044025158,6.521739130434782,48.710691823899374
R00324,208,140539.86,2.8214285714285716,53.93121693121693,6.730769230769231,61.01058201058201
R00325,214,161219.61,4.107438016528926,11.860103626943005,7.009345794392523,40.067357512953365
R00326,209,165388.68,3.30188679245283,46.60846560846561,6.220095693779904,56.71957671957672
R00327,198,141097.95,3.81981981981982,18.709302325581394,11.11111111111111,44.593023255813954
R00328,186,143889.93,3.98989898989899,13.883720930232558,7.526881720430108,42.16860465116279
R00329,183,141017.43,3.045045045045045,51.047904191616766,3.278688524590164,59.08982035928144
R00330,204,138785.61,2.774774774774775,54.924731182795696,5.392156862745098,64.29032258064517
R00331,230,171431.48,3.8484848484848486,18.877450980392158,8.26086956521739,44.28431372549019
R00332,215,163589.56,3.2704918032786887,40.9492385786802,5.5813953488372094,56.52284263959391
R00333,207,149785.18,4.105263157894737,12.103260869565217,7.246376811594203,40.80434782608695
R00334,210,148519.64,3.4594594594594597,32.19371727748691,5.714285714285714,52.37696335078534
R00335,208,143824.55,2.650943396226415,59.84864864864865,6.730769230769231,67.22162162162162
R00336,202,155141.24,3.5871559633027523,26.13586956521739,7.425742574257425,46.94565217391305
R00337,191,143601.65,3.3055555555555554,38.602409638554214,9.424083769633508,54.75301204819277
R00338,190,144364.27,3.6132075471698113,36.40236686390533,10.0,51.50887573964497
R00339,181,128073.69,3.76,24.142857142857142,7.734806629834254,45.61490683229814
R00340,210,144927.69,3.1196581196581197,46.786458333333336,4.761904761904762,57.46875
R00341,197,140907.6,3.85,16.114285714285714,6.091370558375635,44.10857142857143
R00342,209,152241.74,3.128712871287129,41.72826086956522,9.569377990430622,56.858695652173914
R00343,174,119773.44,4.054347826086956,14.812903225806451,8.045977011494253,40.81935483870968
R00344,181,137959.6,2.8854166666666665,48.51875,11.049723756906078,60.15625
R00345,209,147626.88,3.411214953271028,43.48148148148148,5.741626794258373,56.97883597883598
R00346,186,144432.88,3.967391304347826,13.331395348837209,5.913978494623656,40.72093023255814
R00347,204,155000.43,3.2972972972972974,41.32608695652174,5.88235294117647,56.93478260869565
R00348,202,151707.02,3.9107142857142856,12.338709677419354,3.9603960396039604,41.81182795698925
R00349,182,132197.19,3.876190476190476,25.303030303030305,7.6923076923076925,47.50909090909091
R00350,195,158983.87,3.6551724137931036,26.57377049180328,4.615384615384616,48.18032786885246
R00351,189,129119.1,3.7115384615384617,20.732142857142858,10.052910052910052,46.035714285714285
R00352,190,148862.96,3.9705882352941178,14.398843930635838,7.894736842105263,41.861271676300575
R00353,195,150565.91,4.009803921568627,14.15,5.641025641025641,41.3
R00354,200,148494.08,3.682242990654206,24.956043956043956,6.0,46.082417582417584
R00355,182,128853.7,3.6770833333333335,27.134146341463413,5.4945054945054945,48.573170731707314
R00356,215,166319.38,2.8106060606060606,53.84102564102564,7.441860465116279,62.33846153846154
R00357,184,145151.7,3.5242718446601944,29.253012048192772,7.065217391304348,51.41566265060241
R00358,181,133111.33,3.8,18.191616766467067,3.867403314917127,43.52095808383233
R00359,192,141336.73,3.4356435643564356,24.77906976744186,7.8125,48.156976744186046
R00360,195,139350.41,3.3130434782608695,43.64971751412429,7.6923076923076925,56.152542372881356
R00361,190,143120.86,3.32,38.005917159763314,7.368421052631578,53.142011834319526
R00362,184,139129.02,2.905263157894737,57.476470588235294,4.3478260869565215,62.78235294117647
R00363,204,153273.54,3.237704918032787,38.668449197860966,5.88235294117647,53.86631016042781
R00364,192,132798.37,3.740740740740741,29.251428571428573,6.770833333333333,49.78285714285714
R00365,194,138533.57,3.051282051282051,51.07471264367816,8.762886597938143,61.270114942528735
R00366,180,134912.24,3.7311827956989245,30.49685534591195,7.222222222222221,50.35220125786164
R00367,198,155393.52,3.6206896551724137,32.10989010989011,4.040404040404041,50.52197802197802
R00368,210,147899.84,3.2016129032258065,45.1945945945946,6.190476190476191,56.0
R00369,222,160041.03,3.3865546218487395,31.281407035175878,7.207207207207207,51.77386934673367
R00370,181,136185.53,4.151162790697675,11.91875,10.497237569060774,41.85625
R00371,199,138955.25,3.689655172413793,29.39080459770115,8.542713567839195,48.02298850574713
R00372,205,152957.8,2.669642857142857,56.77049180327869,6.341463414634147,63.34426229508197
R00373,207,158884.65,3.123809523809524,51.24309392265194,7.246376811594203,58.110497237569064
R00374,199,144938.93,3.596330275229358,28.045197740112993,7.537688442211055,49.49152542372882
R00375,206,155980.25,3.8703703703703702,17.62962962962963,5.825242718446602,42.70899470899471
R00376,210,144855.59,3.939655172413793,14.625641025641025,3.8095238095238098,41.38461538461539
R00377,188,136593.01,3.0103092783505154,48.9593023255814,7.9787234042553195,58.51744186046512
R00378,211,168752.57,3.2583333333333333,38.333333333333336,2.3696682464454977,54.930348258706466
R00379,212,153517.73,3.5943396226415096,26.66842105263158,6.132075471698113,48.68421052631579
R00380,188,142581.9,3.231578947368421,37.779761904761905,7.9787234042553195,53.535714285714285
R00381,212,163853.93,3.7009345794392523,23.923857868020306,5.188679245283019,47.253807106598984
R00382,192,140144.49,2.82,58.58381502890173,5.729166666666666,63.95375722543353
R00383,180,129255.27,2.7731958762886597,53.641975308641975,8.333333333333332,62.358024691358025
R00384,207,145647.12,3.2454545454545456,40.597765363128495,9.66183574879227,55.20670391061452
R00385,183,138941.48,3.6936936936936937,23.542168674698797,6.557377049180328,46.58433734939759
R00386,215,161371.96,2.9304347826086956,53.63157894736842,6.976744186046512,60.66315789473684
R00387,188,136960.27,4.261261261261262,13.04191616766467,7.446808510638298,39.137724550898206
R00388,174,117828.99,2.7472527472527473,52.69798657718121,12.068965517241379,61.711409395973156
R00389,222,163088.46,2.8360655737704916,53.11274509803921,4.954954954954955,62.10294117647059
R00390,192,143022.94,2.825242718446602,51.31521739130435,1.5625,61.08695652173913
R00391,205,147432.99,3.141509433962264,42.28191489361702,4.390243902439024,56.23936170212766
R00392,207,156103.7,3.4952380952380953,32.095238095238095,6.280193236714976,50.24867724867725
R00393,200,156259.5,3.102803738317757,47.270718232044196,5.5,58.226519337016576
R00394,216,154309.49,2.705357142857143,60.98421052631579,6.018518518518518,65.11578947368422
R00395,205,135924.27,3.6818181818181817,32.972375690607734,9.75609756097561,50.331491712707184
R00396,187,131977.48,3.9306930693069306,22.34319526627219,5.347593582887701,44.50295857988166
R00397,205,158714.94,3.2232142857142856,36.07734806629834,8.292682926829269,54.85635359116022
R00398,194,164337.91,3.2950819672131146,41.81666666666667,5.154639175257731,55.105555555555554
R00399,219,162575.09,3.5545454545454547,28.34020618556701,7.30593607305936,49.350515463917525
R00400,209,143967.3,3.643478260869565,33.68108108108108,6.698564593301436,50.77837837837838
R00401,202,153449.34,4.071428571428571,15.437158469945356,6.9306930693069315,42.185792349726775
R00402,200,139169.01,3.2989690721649483,41.48,8.0,57.68571428571428
R00403,189,133819.84,3.4901960784313726,33.7710843373494,8.994708994708994,50.45180722891566
R00404,210,151368.12,3.3944954128440368,31.80952380952381,7.6190476190476195,51.46031746031746
R00405,202,143441.28,2.6116504854368934,57.70391061452514,8.91089108910891,64.54748603351955
R00406,195,141433.2,3.504950495049505,25.622093023255815,9.230769230769232,48.22093023255814
R00407,200,149369.08,3.6699029126213594,30.276243093922652,5.0,48.85635359116022
R00408,178,129946.36,3.0689655172413794,52.860759493670884,7.865168539325842,59.721518987341774
R00409,209,151643.47,3.5517241379310347,29.342391304347824,8.61244019138756,50.78804347826087
R00410,203,137200.15,3.9174311926605503,20.420454545454547,8.374384236453201,44.09659090909091
R00411,201,146710.76,3.8686868686868685,22.262295081967213,6.965174129353234,46.759562841530055
R00412,194,131602.04,3.6176470588235294,26.8,7.731958762886598,47.628571428571426
R00413,202,154866.72,3.6261682242990654,30.0,7.425742574257425,48.44505494505494
R00414,228,173968.39,3.3046875,33.26829268292683,6.140350877192982,51.86829268292683
R00415,180,132658.78,3.1630434782608696,41.907407407407405,6.666666666666667,56.833333333333336
R00416,204,147310.24,3.8260869565217392,13.702127659574469,4.901960784313726,43.8031914893617
R00417,204,156403.98,3.6491228070175437,26.080645161290324,3.431372549019608,46.75806451612903
R00418,195,140719.75,3.0660377358490565,47.53216374269006,6.153846153846154,58.099415204678365
R00419,208,153212.28,3.1327433628318584,41.242105263157896,5.288461538461538,54.71052631578947
R00420,220,156184.91,3.6194690265486726,26.134715025906736,6.363636363636363,49.6580310880829
R00421,197,145617.46,2.8365384615384617,56.39204545454545,6.091370558375635,62.48863636363637
R00422,202,139817.59,2.933333333333333,52.29834254143646,6.9306930693069315,60.5414364640884
R00423,209,160354.39,3.2063492063492065,34.193548387096776,7.655502392344498,53.38709677419355
R00424,213,154739.79,3.83739837398374,17.34,2.8169014084507045,43.08
R00425,206,153829.94,2.9017857142857144,51.486486486486484,6.310679611650485,59.86486486486486
R00426,185,132265.76,3.0434782608695654,43.75151515151515,6.486486486486487,57.74545454545454
R00427,202,141921.63,3.3981481481481484,37.94285714285714,7.920792079207921,53.94285714285714
R00428,201,143849.43,3.8947368421052633,20.80327868852459,5.970149253731343,45.26775956284153
R00429,190,137699.4,3.1875,44.98224852071006,6.842105263157896,58.31360946745562
R00430,183,143365.28,3.881720430107527,18.1,9.836065573770492,42.8875
R00431,209,154262.91,3.419642857142857,34.7989417989418,7.177033492822966,51.34920634920635
R00432,218,157703.22,3.700854700854701,31.502590673575128,9.63302752293578,49.83937823834197
R00433,181,124840.13,3.2903225806451615,40.89032258064516,9.392265193370166,54.85806451612903
R00434,185,137240.78,2.7058823529411766,57.76646706586826,5.9459459459459465,65.05389221556887
R00435,210,151591.08,2.680672268907563,57.3475935828877,7.6190476190476195,63.919786096256686
R00436,200,130015.9,3.017094017094017,52.87005649717514,6.0,60.71186440677966
R00437,211,158586.52,3.590909090909091,38.98421052631579,8.530805687203792,52.42631578947368
R00438,203,152077.65,3.688679245283019,24.579234972677597,6.896551724137931,45.02732240437158
R00439,183,140284.59,2.463157894736842,55.73939393939394,7.103825136612022,63.06666666666667
R00440,204,149783.2,3.0088495575221237,42.29946524064171,6.372549019607843,56.962566844919785
R00441,181,140487.37,3.890909090909091,13.349397590361447,6.629834254143646,42.16867469879518
R00442,217,156779.54,3.234782608695652,42.233502538071065,6.912442396313365,55.63959390862944
R00443,214,163052.61,3.889830508474576,25.767195767195766,7.476635514018691,46.301587301587304
R00444,186,133795.96,2.988888888888889,52.91463414634146,8.064516129032258,60.58536585365854
R00445,211,144529.28,4.045871559633028,15.580645161290322,8.056872037914692,41.79032258064516
R00446,195,144441.71,3.2452830188679247,38.58857142857143,6.666666666666667,53.92
R00447,221,179579.65,3.1025641025641026,52.06,7.6923076923076925,61.145
R00448,199,147837.95,2.6,60.06521739130435,4.0201005025125625,65.25
R00449,202,153338.32,3.7452830188679247,23.613259668508288,9.405940594059405,47.29834254143646
R00450,190,150190.81,3.0,48.83040935672515,8.421052631578947,61.187134502923975
R00451,212,157711.71,3.734513274336283,17.182291666666668,5.660377358490567,44.140625
R00452,228,162991.13,2.9159663865546217,51.13106796116505,6.578947368421052,60.907766990291265
R00453,195,147562.59,3.1574074074074074,47.331460674157306,6.153846153846154,58.42696629213483
R00454,204,141962.35,3.2956521739130435,37.07142857142857,7.352941176470589,54.285714285714285
R00455,188,148658.32,3.484536082474227,29.333333333333332,7.9787234042553195,49.63030303030303
R00456,212,158901.15,2.8487394957983194,55.33678756476684,7.0754716981132075,60.59585492227979
R00457,181,133899.09,3.6530612244897958,19.425925925925927,8.287292817679557,47.68518518518518
R00458,195,155813.72,3.3106796116504853,36.88636363636363,5.128205128205128,52.77840909090909
R00459,192,138373.2,3.561224489795918,29.937142857142856,4.6875,49.011428571428574
R00460,191,135177.44,2.7865168539325844,58.005847953216374,6.806282722513089,64.25730994152046
R00461,194,132636.44,3.4183673469387754,36.65868263473054,10.824742268041238,51.365269461077844
R00462,177,134032.95,3.5700934579439254,30.679012345679013,5.649717514124294,49.50617283950617
R00463,198,162798.73,3.1260504201680672,46.469613259668506,6.0606060606060606,57.828729281767956
R00464,220,158885.5,3.5476190476190474,27.355,4.545454545454546,47.75
R00465,188,128937.59,3.088235294117647,47.14705882352941,4.787234042553192,58.794117647058826
R00466,191,151964.13,2.8842105263157896,54.19653179190752,5.2356020942408374,61.05780346820809
R00467,213,161360.73,3.353448275862069,32.921052631578945,6.572769953051644,50.76315789473684
R00468,213,157705.09,3.253968253968254,37.072916666666664,7.042253521126761,53.526041666666664
R00469,229,167842.51,2.8135593220338984,54.23557692307692,6.11353711790393,61.8125
R00470,187,148381.46,3.768421052631579,22.21965317919075,4.81283422459893,44.9364161849711
R00471,203,153007.41,3.853448275862069,18.02127659574468,5.911330049261084,43.952127659574465
R00472,180,134359.66,3.797752808988764,18.364197530864196,6.111111111111111,44.47530864197531
R00473,203,145396.45,3.762376237623762,29.71195652173913,5.41871921182266,49.369565217391305
R00474,208,159528.14,3.4642857142857144,33.74603174603175,4.807692307692308,53.29100529100529
R00475,197,155278.49,3.126126126126126,41.011049723756905,6.091370558375635,55.226519337016576
R00476,217,164937.38,3.3968253968253967,37.954314720812185,5.990783410138248,54.09137055837564
R00477,211,158737.24,3.009433962264151,48.75132275132275,5.687203791469194,58.61904761904762
R00478,187,139096.43,3.911764705882353,19.704819277108435,6.951871657754011,46.1566265060241
R00479,198,132929.53,4.071428571428571,13.64367816091954,7.07070707070707,40.41379310344828
R00480,186,138126.13999999998,3.8828828828828827,12.994082840236686,8.064516129032258,43.71597633136095
R00481,189,142362.21,3.7247706422018347,22.00595238095238,7.936507936507936,46.773809523809526
R00482,192,144524.74,3.5135135135135136,29.63276836158192,6.25,49.0
R00483,207,153508.18,3.8813559322033897,17.255208333333332,4.3478260869565215,43.354166666666664
R00484,192,139238.57,3.875,18.028735632183906,4.166666666666666,43.37356321839081
R00485,189,127651.79000000001,2.85,55.258823529411764,7.936507936507936,63.88823529411765
R00486,204,153249.45,3.90990990990991,12.138121546961326,8.333333333333332,42.58563535911602
R00487,211,152780.44,3.6982758620689653,23.277486910994764,6.161137440758294,46.167539267015705
R00488,185,128292.37,3.935483870967742,20.71069182389937,10.27027027027027,44.672955974842765
R00489,213,160400.1,3.2389380530973453,45.28350515463917,4.694835680751173,57.06185567010309
R00490,191,140184.65,3.436893203883495,30.818181818181817,5.2356020942408374,51.97159090909091
R00491,182,149826.73,3.0526315789473686,44.46951219512195,8.241758241758241,59.3719512195122
R00492,213,151654.6,2.896551724137931,54.52879581151832,7.042253521126761,62.18324607329843
R00493,214,147622.82,3.8521739130434782,24.5531914893617,8.411214953271028,47.07446808510638
R00494,196,143440.34,3.9705882352941178,19.885714285714286,9.183673469387756,45.93142857142857
R00495,193,130439.79,3.9278350515463916,12.976331360946746,8.808290155440414,41.01183431952663
R00496,214,149933.2,3.1779661016949152,43.39795918367347,7.009345794392523,56.83163265306123
R00497,180,131153.19,3.564814814814815,33.68263473053892,5.555555555555555,51.26347305389221
R00498,197,142585.48,3.3333333333333335,35.51412429378531,5.583756345177665,53.54237288135593
R00499,227,169276.52,3.8333333333333335,13.33495145631068,7.929515418502203,42.00970873786408
R00500,165,128365.41,3.741573033707865,29.041095890410958,8.484848484848486,48.24657534246575
